DELETE FROM Emprestimo;
DELETE FROM Livro_Categoria;
DELETE FROM Livro;
DELETE FROM Categoria;
DELETE FROM Autor;


MERGE INTO Usuario (id, userName, senha, nomeCompleto, cpf)
KEY(userName)
VALUES ('00000000-0000-0000-0000-000000000001', 'admin', 'admin', 'Administrador Padrão', '000.000.000-00');


INSERT INTO Autor (id, nome, dataNascimento) VALUES ('10000000-0000-0000-0000-000000000001', 'J.K. Rowling', '1965-07-31');
INSERT INTO Autor (id, nome, dataNascimento) VALUES ('10000000-0000-0000-0000-000000000002', 'George Orwell', '1903-06-25');
INSERT INTO Autor (id, nome, dataNascimento) VALUES ('10000000-0000-0000-0000-000000000003', 'Clarice Lispector', '1920-12-10');
INSERT INTO Autor (id, nome, dataNascimento) VALUES ('10000000-0000-0000-0000-000000000004', 'Machado de Assis', '1839-06-21');
INSERT INTO Autor (id, nome, dataNascimento) VALUES ('10000000-0000-0000-0000-000000000005', 'Jane Austen', '1775-12-16');


INSERT INTO Categoria (id, nome) VALUES ('20000000-0000-0000-0000-000000000001', 'Fantasia');
INSERT INTO Categoria (id, nome) VALUES ('20000000-0000-0000-0000-000000000002', 'Distopia');
INSERT INTO Categoria (id, nome) VALUES ('20000000-0000-0000-0000-000000000003', 'Romance');
INSERT INTO Categoria (id, nome) VALUES ('20000000-0000-0000-0000-000000000004', 'Clássico');
INSERT INTO Categoria (id, nome) VALUES ('20000000-0000-0000-0000-000000000005', 'Literatura Brasileira');

INSERT INTO Livro (id, nome, dataLancamento, autor_id, qntPaginas)
VALUES ('30000000-0000-0000-0000-000000000001', 'Harry Potter e a Pedra Filosofal', '1997-06-26', '10000000-0000-0000-0000-000000000001', 223);


INSERT INTO Livro (id, nome, dataLancamento, autor_id, qntPaginas)
VALUES ('30000000-0000-0000-0000-000000000002', '1984', '1949-06-08', '10000000-0000-0000-0000-000000000002', 328);


INSERT INTO Livro (id, nome, dataLancamento, autor_id, qntPaginas)
VALUES ('30000000-0000-0000-0000-000000000003', 'A Hora da Estrela', '1977-01-01', '10000000-0000-0000-0000-000000000003', 96);


INSERT INTO Livro (id, nome, dataLancamento, autor_id, qntPaginas)
VALUES ('30000000-0000-0000-0000-000000000004', 'Dom Casmurro', '1899-01-01', '10000000-0000-0000-0000-000000000004', 256);


INSERT INTO Livro (id, nome, dataLancamento, autor_id, qntPaginas)
VALUES ('30000000-0000-0000-0000-000000000005', 'Orgulho e Preconceito', '1813-01-28', '10000000-0000-0000-0000-000000000005', 432);


INSERT INTO Livro_Categoria (Livro_id, categoria_id) VALUES ('30000000-0000-0000-0000-000000000001', '20000000-0000-0000-0000-000000000001');
INSERT INTO Livro_Categoria (livro_id, categoria_id) VALUES ('30000000-0000-0000-0000-000000000001', '20000000-0000-0000-0000-000000000003');


INSERT INTO Livro_Categoria (Livro_id, categoria_id) VALUES ('30000000-0000-0000-0000-000000000002', '20000000-0000-0000-0000-000000000002');
INSERT INTO Livro_Categoria (Livro_id, categoria_id) VALUES ('30000000-0000-0000-0000-000000000002', '20000000-0000-0000-0000-000000000001');


INSERT INTO Livro_Categoria (Livro_id, categoria_id) VALUES ('30000000-0000-0000-0000-000000000003', '20000000-0000-0000-0000-000000000005');
INSERT INTO Livro_Categoria (Livro_id, categoria_id) VALUES ('30000000-0000-0000-0000-000000000003', '20000000-0000-0000-0000-000000000003');


INSERT INTO Livro_Categoria (Livro_id, categoria_id) VALUES ('30000000-0000-0000-0000-000000000004', '20000000-0000-0000-0000-000000000005');
INSERT INTO Livro_Categoria (Livro_id, categoria_id) VALUES ('30000000-0000-0000-0000-000000000004', '20000000-0000-0000-0000-000000000004');


INSERT INTO Livro_Categoria (Livro_id, categoria_id) VALUES ('30000000-0000-0000-0000-000000000005', '20000000-0000-0000-0000-000000000003');
INSERT INTO Livro_Categoria (Livro_id, categoria_id) VALUES ('30000000-0000-0000-0000-000000000005', '20000000-0000-0000-0000-000000000004');